##Popluation
  # `c1`
  Insert into `c1` value ('admiration');
  Insert into `c1` value ('rage');
  Insert into `c1` value ('grief');
  Insert into `c1` value ('feelings');

  # `c2`
  Insert into `c2` value ('admiration', 'alive');
  Insert into `c2` value ('admiration', 'happy');
  Insert into `c2` value ('admiration', 'interested');
  Insert into `c2` value ('admiration', 'loving');
  Insert into `c2` value ('admiration', 'open');
  Insert into `c2` value ('admiration', 'positive');

  Insert into `c2` value ('rage', 'angry');
  Insert into `c2` value ('rage', 'confused');
  Insert into `c2` value ('rage', 'depressed');
  Insert into `c2` value ('rage', 'judgemental');

  Insert into `c2` value ('grief', 'afraid');
  Insert into `c2` value ('grief', 'helpless');
  Insert into `c2` value ('grief', 'hurt');
  Insert into `c2` value ('grief', 'indifferent');
  Insert into `c2` value ('grief', 'sad');

  Insert into `c2` value ('feelings', 'peaceful');
  Insert into `c2` value ('feelings', 'relaxed');
  Insert into `c2` value ('feelings', 'strong');

# 'admiration'
    # 'alive'
    Insert into `Emots` value ('admiration', 'alive', 'playful');
    Insert into `Emots` value ('admiration', 'alive', 'courageous');
    Insert into `Emots` value ('admiration', 'alive', 'energetic');
    Insert into `Emots` value ('admiration', 'alive', 'liberated');
    Insert into `Emots` value ('admiration', 'alive', 'optimistic');
    Insert into `Emots` value ('admiration', 'alive', 'frisky');
    Insert into `Emots` value ('admiration', 'alive', 'animated');
    Insert into `Emots` value ('admiration', 'alive', 'spirited');
    Insert into `Emots` value ('admiration', 'alive', 'thrilled');
    Insert into `Emots` value ('admiration', 'alive', 'wonderful');
    Insert into `Emots` value ('admiration', 'alive', 'funny');
    Insert into `Emots` value ('admiration', 'alive', 'great');
    Insert into `Emots` value ('admiration', 'alive', 'giving');
    Insert into `Emots` value ('admiration', 'alive', 'sharing');
    Insert into `Emots` value ('admiration', 'alive', 'intelligent');
    Insert into `Emots` value ('admiration', 'alive', 'exhilarated');
    Insert into `Emots` value ('admiration', 'alive', 'equal');
    Insert into `Emots` value ('admiration', 'alive', 'excited');
    Insert into `Emots` value ('admiration', 'alive', 'enjoying');
    Insert into `Emots` value ('admiration', 'alive', 'communicative');
    Insert into `Emots` value ('admiration', 'alive', 'active');
    Insert into `Emots` value ('admiration', 'alive', 'spunky');
    Insert into `Emots` value ('admiration', 'alive', 'youthful');
    Insert into `Emots` value ('admiration', 'alive', 'vigorous');
    Insert into `Emots` value ('admiration', 'alive', 'tickled');

    # 'happy'
    Insert into `Emots` value ('admiration', 'happy', 'blissful');
    Insert into `Emots` value ('admiration', 'happy', 'joyous');
    Insert into `Emots` value ('admiration', 'happy', 'delighted');
    Insert into `Emots` value ('admiration', 'happy', 'overjoyed');
    Insert into `Emots` value ('admiration', 'happy', 'gleeful');
    Insert into `Emots` value ('admiration', 'happy', 'thankful');
    Insert into `Emots` value ('admiration', 'happy', 'festive');
    Insert into `Emots` value ('admiration', 'happy', 'ecstatic');
    Insert into `Emots` value ('admiration', 'happy', 'satisfied');
    Insert into `Emots` value ('admiration', 'happy', 'glad');
    Insert into `Emots` value ('admiration', 'happy', 'cheerful');
    Insert into `Emots` value ('admiration', 'happy', 'sunny');
    Insert into `Emots` value ('admiration', 'happy', 'elated');
    Insert into `Emots` value ('admiration', 'happy', 'jubilant');
    Insert into `Emots` value ('admiration', 'happy', 'jovial');
    Insert into `Emots` value ('admiration', 'happy', 'fun-loving');
    Insert into `Emots` value ('admiration', 'happy', 'lighthearted');
    Insert into `Emots` value ('admiration', 'happy', 'easygoing');
    Insert into `Emots` value ('admiration', 'happy', 'mellow');
    Insert into `Emots` value ('admiration', 'happy', 'happy-go-lucky');
    Insert into `Emots` value ('admiration', 'happy', 'glorious');
    Insert into `Emots` value ('admiration', 'happy', 'innocent');
    Insert into `Emots` value ('admiration', 'happy', 'child-like');
    Insert into `Emots` value ('admiration', 'happy', 'gratified');
    Insert into `Emots` value ('admiration', 'happy', 'euphoric');
    Insert into `Emots` value ('admiration', 'happy', 'rapturous');
    Insert into `Emots` value ('admiration', 'happy', 'in good humor');
    Insert into `Emots` value ('admiration', 'happy', 'in heaven');
    Insert into `Emots` value ('admiration', 'happy', 'on top of the world');

    # 'interested'
    Insert into `Emots` value ('admiration', 'interested', 'fascinated');
    Insert into `Emots` value ('admiration', 'interested', 'intrigued');
    Insert into `Emots` value ('admiration', 'interested', 'absorbed');
    Insert into `Emots` value ('admiration', 'interested', 'inquisitive');
    Insert into `Emots` value ('admiration', 'interested', 'engrossed');
    Insert into `Emots` value ('admiration', 'interested', 'curious');
    Insert into `Emots` value ('admiration', 'interested', 'amazed');
    Insert into `Emots` value ('admiration', 'interested', 'involved');
    Insert into `Emots` value ('admiration', 'interested', 'attentive');
    Insert into `Emots` value ('admiration', 'interested', 'observant');
    Insert into `Emots` value ('admiration', 'interested', 'amused');
    Insert into `Emots` value ('admiration', 'interested', 'thoughtful');
    Insert into `Emots` value ('admiration', 'interested', 'courteous');
    Insert into `Emots` value ('admiration', 'interested', 'intent');
    Insert into `Emots` value ('admiration', 'interested', 'focused');

    # 'loving'
    Insert into `Emots` value ('admiration', 'loving', 'considerate');
    Insert into `Emots` value ('admiration', 'loving', 'affectionate');
    Insert into `Emots` value ('admiration', 'loving', 'sensitive');
    Insert into `Emots` value ('admiration', 'loving', 'tender');
    Insert into `Emots` value ('admiration', 'loving', 'devoted');
    Insert into `Emots` value ('admiration', 'loving', 'attracted');
    Insert into `Emots` value ('admiration', 'loving', 'passionate');
    Insert into `Emots` value ('admiration', 'loving', 'admiring');
    Insert into `Emots` value ('admiration', 'loving', 'warm');
    Insert into `Emots` value ('admiration', 'loving', 'touched');
    Insert into `Emots` value ('admiration', 'loving', 'close');
    Insert into `Emots` value ('admiration', 'loving', 'loved');
    Insert into `Emots` value ('admiration', 'loving', 'sweet');
    Insert into `Emots` value ('admiration', 'loving', 'gentle');
    Insert into `Emots` value ('admiration', 'loving', 'compassionate');
    Insert into `Emots` value ('admiration', 'loving', 'caring');
    Insert into `Emots` value ('admiration', 'loving', 'allowing');
    Insert into `Emots` value ('admiration', 'loving', 'nonjudgmental');
    Insert into `Emots` value ('admiration', 'loving', 'appreciative');
    Insert into `Emots` value ('admiration', 'loving', 'respectful');
    Insert into `Emots` value ('admiration', 'loving', 'humble');
    Insert into `Emots` value ('admiration', 'loving', 'gracious');
    Insert into `Emots` value ('admiration', 'loving', 'patient');
    Insert into `Emots` value ('admiration', 'loving', 'honoring');
    Insert into `Emots` value ('admiration', 'loving', 'expansive');
    Insert into `Emots` value ('admiration', 'loving', 'kindly');
    Insert into `Emots` value ('admiration', 'loving', 'grateful');

    # 'open'
    Insert into `Emots` value ('admiration', 'open', 'understanding');
    Insert into `Emots` value ('admiration', 'open', 'confident');
    Insert into `Emots` value ('admiration', 'open', 'easy');
    Insert into `Emots` value ('admiration', 'open', 'connected');
    Insert into `Emots` value ('admiration', 'open', 'free');
    Insert into `Emots` value ('admiration', 'open', 'sympathetic');
    Insert into `Emots` value ('admiration', 'open', 'interested');
    Insert into `Emots` value ('admiration', 'open', 'satisfied');
    Insert into `Emots` value ('admiration', 'open', 'receptive');
    Insert into `Emots` value ('admiration', 'open', 'accepting');
    Insert into `Emots` value ('admiration', 'open', 'kind');
    Insert into `Emots` value ('admiration', 'open', 'harmonious');
    Insert into `Emots` value ('admiration', 'open', 'empathetic');
    Insert into `Emots` value ('admiration', 'open', 'tolerant');
    Insert into `Emots` value ('admiration', 'open', 'friendly');
    Insert into `Emots` value ('admiration', 'open', 'approachable');
    Insert into `Emots` value ('admiration', 'open', 'outgoing');
    Insert into `Emots` value ('admiration', 'open', 'flowing');
    Insert into `Emots` value ('admiration', 'open', 'flexible');
    Insert into `Emots` value ('admiration', 'open', 'present');
    Insert into `Emots` value ('admiration', 'open', 'listening');
    Insert into `Emots` value ('admiration', 'open', 'welcoming');
    Insert into `Emots` value ('admiration', 'open', 'embracing');

    # 'positive'
    Insert into `Emots` value ('admiration', 'positive', 'eager');
    Insert into `Emots` value ('admiration', 'positive', 'keen');
    Insert into `Emots` value ('admiration', 'positive', 'earnest');
    Insert into `Emots` value ('admiration', 'positive', 'inspired');
    Insert into `Emots` value ('admiration', 'positive', 'enthusiastic');
    Insert into `Emots` value ('admiration', 'positive', 'bold');
    Insert into `Emots` value ('admiration', 'positive', 'brave');
    Insert into `Emots` value ('admiration', 'positive', 'daring');
    Insert into `Emots` value ('admiration', 'positive', 'hopeful');
    Insert into `Emots` value ('admiration', 'positive', 'upbeat');
    Insert into `Emots` value ('admiration', 'positive', 'beautiful');
    Insert into `Emots` value ('admiration', 'positive', 'creative');
    Insert into `Emots` value ('admiration', 'positive', 'constructive');
    Insert into `Emots` value ('admiration', 'positive', 'helpful');
    Insert into `Emots` value ('admiration', 'positive', 'resourceful');
    Insert into `Emots` value ('admiration', 'positive', 'motivated');
    Insert into `Emots` value ('admiration', 'positive', 'cooperative');
    Insert into `Emots` value ('admiration', 'positive', 'productive');
    Insert into `Emots` value ('admiration', 'positive', 'exuberant');
    Insert into `Emots` value ('admiration', 'positive', 'in the zone');
    Insert into `Emots` value ('admiration', 'positive', 'responsive');
    Insert into `Emots` value ('admiration', 'positive', 'conscientious');
    Insert into `Emots` value ('admiration', 'positive', 'approving');
    Insert into `Emots` value ('admiration', 'positive', 'honored');
    Insert into `Emots` value ('admiration', 'positive', 'privileged');
    Insert into `Emots` value ('admiration', 'positive', 'adaptable');


# 'rage'
    # 'angry'
    Insert into `Emots` value ('rage', 'angry', 'irritated');
    Insert into `Emots` value ('rage', 'angry', 'enraged');
    Insert into `Emots` value ('rage', 'angry', 'hostile');
    Insert into `Emots` value ('rage', 'angry', 'insulting');
    Insert into `Emots` value ('rage', 'angry', 'annoyed');
    Insert into `Emots` value ('rage', 'angry', 'upset');
    Insert into `Emots` value ('rage', 'angry', 'hateful');
    Insert into `Emots` value ('rage', 'angry', 'unpleasant');
    Insert into `Emots` value ('rage', 'angry', 'offensive');
    Insert into `Emots` value ('rage', 'angry', 'aggressive');
    Insert into `Emots` value ('rage', 'angry', 'bitter');
    Insert into `Emots` value ('rage', 'angry', 'frustrated');
    Insert into `Emots` value ('rage', 'angry', 'controlling');
    Insert into `Emots` value ('rage', 'angry', 'resentful');
    Insert into `Emots` value ('rage', 'angry', 'hotheaded');
    Insert into `Emots` value ('rage', 'angry', 'malicious');
    Insert into `Emots` value ('rage', 'angry', 'infuriated');
    Insert into `Emots` value ('rage', 'angry', 'critical');
    Insert into `Emots` value ('rage', 'angry', 'meanspirited');
    Insert into `Emots` value ('rage', 'angry', 'violent');
    Insert into `Emots` value ('rage', 'angry', 'vindictive');
    Insert into `Emots` value ('rage', 'angry', 'sadistic');
    Insert into `Emots` value ('rage', 'angry', 'mean');
    Insert into `Emots` value ('rage', 'angry', 'spiteful');
    Insert into `Emots` value ('rage', 'angry', 'furious');
    Insert into `Emots` value ('rage', 'angry', 'agitated');
    Insert into `Emots` value ('rage', 'angry', 'antagonistic');
    Insert into `Emots` value ('rage', 'angry', 'repulsed');
    Insert into `Emots` value ('rage', 'angry', 'mad');
    Insert into `Emots` value ('rage', 'angry', 'cross');
    Insert into `Emots` value ('rage', 'angry', 'incensed');
    Insert into `Emots` value ('rage', 'angry', 'loud');
    Insert into `Emots` value ('rage', 'angry', 'reactive');
    Insert into `Emots` value ('rage', 'angry', 'swearing');
    Insert into `Emots` value ('rage', 'angry', 'abrupt');
    Insert into `Emots` value ('rage', 'angry', 'quarrelsome');
    Insert into `Emots` value ('rage', 'angry', 'venomous');
    Insert into `Emots` value ('rage', 'angry', 'irate');
    Insert into `Emots` value ('rage', 'angry', 'shorttempered');
    Insert into `Emots` value ('rage', 'angry', 'stubborn');
    Insert into `Emots` value ('rage', 'angry', 'rebellious');
    Insert into `Emots` value ('rage', 'angry', 'exasperated');
    Insert into `Emots` value ('rage', 'angry', 'impatient');
    Insert into `Emots` value ('rage', 'angry', 'contrary');
    Insert into `Emots` value ('rage', 'angry', 'condemning');
    Insert into `Emots` value ('rage', 'angry', 'seething');
    Insert into `Emots` value ('rage', 'angry', 'scornful');
    Insert into `Emots` value ('rage', 'angry', 'sarcastic');
    Insert into `Emots` value ('rage', 'angry', 'overbearing');
    Insert into `Emots` value ('rage', 'angry', 'sharp');
    Insert into `Emots` value ('rage', 'angry', 'poisonous');
    Insert into `Emots` value ('rage', 'angry', 'disrespectful');
    Insert into `Emots` value ('rage', 'angry', 'jealous');
    Insert into `Emots` value ('rage', 'angry', 'ticked off');
    Insert into `Emots` value ('rage', 'angry', 'hitting');
    Insert into `Emots` value ('rage', 'angry', 'yelling');
    Insert into `Emots` value ('rage', 'angry', 'screaming');
    Insert into `Emots` value ('rage', 'angry', 'revengeful');
    Insert into `Emots` value ('rage', 'angry', 'retaliating');
    Insert into `Emots` value ('rage', 'angry', 'reprimanding');
    Insert into `Emots` value ('rage', 'angry', 'envious');

    # 'confused'
    Insert into `Emots` value ('rage', 'confused', 'doubtful');
    Insert into `Emots` value ('rage', 'confused', 'uncertain');
    Insert into `Emots` value ('rage', 'confused', 'indecisive');
    Insert into `Emots` value ('rage', 'confused', 'perplexed');
    Insert into `Emots` value ('rage', 'confused', 'embarrassed');
    Insert into `Emots` value ('rage', 'confused', 'hesitant');
    Insert into `Emots` value ('rage', 'confused', 'shy');
    Insert into `Emots` value ('rage', 'confused', 'disillusioned');
    Insert into `Emots` value ('rage', 'confused', 'distrustful');
    Insert into `Emots` value ('rage', 'confused', 'misgiving');
    Insert into `Emots` value ('rage', 'confused', 'lost');
    Insert into `Emots` value ('rage', 'confused', 'unsure');
    Insert into `Emots` value ('rage', 'confused', 'uneasy');
    Insert into `Emots` value ('rage', 'confused', 'tense');
    Insert into `Emots` value ('rage', 'confused', 'stressed');
    Insert into `Emots` value ('rage', 'confused', 'uncomfortable');
    Insert into `Emots` value ('rage', 'confused', 'comparing');
    Insert into `Emots` value ('rage', 'confused', 'dishonest');
    Insert into `Emots` value ('rage', 'confused', 'superior');
    Insert into `Emots` value ('rage', 'confused', 'disdainful');
    Insert into `Emots` value ('rage', 'confused', 'manipulative');
    Insert into `Emots` value ('rage', 'confused', 'judgmental');
    Insert into `Emots` value ('rage', 'confused', 'argumentative');
    Insert into `Emots` value ('rage', 'confused', 'authoritative');
    Insert into `Emots` value ('rage', 'confused', 'condescending');
    Insert into `Emots` value ('rage', 'confused', 'demanding');
    Insert into `Emots` value ('rage', 'confused', 'confounded');
    Insert into `Emots` value ('rage', 'confused', 'distracted');
    Insert into `Emots` value ('rage', 'confused', 'disoriented');
    Insert into `Emots` value ('rage', 'confused', 'off-kilter');
    Insert into `Emots` value ('rage', 'confused', 'frenzied');
    Insert into `Emots` value ('rage', 'confused', 'blushing');
    Insert into `Emots` value ('rage', 'confused', 'awkward');

    # 'depressed'
    Insert into `Emots` value ('rage', 'depressed', 'disappointed');
    Insert into `Emots` value ('rage', 'depressed', 'discouraged');
    Insert into `Emots` value ('rage', 'depressed', 'ashamed');
    Insert into `Emots` value ('rage', 'depressed', 'powerless');
    Insert into `Emots` value ('rage', 'depressed', 'diminished');
    Insert into `Emots` value ('rage', 'depressed', 'guilty');
    Insert into `Emots` value ('rage', 'depressed', 'dissatisfied');
    Insert into `Emots` value ('rage', 'depressed', 'miserable');
    Insert into `Emots` value ('rage', 'depressed', 'despicable');
    Insert into `Emots` value ('rage', 'depressed', 'selfdenigrating');
    Insert into `Emots` value ('rage', 'depressed', 'self-hating');
    Insert into `Emots` value ('rage', 'depressed', 'sulky');
    Insert into `Emots` value ('rage', 'depressed', 'low');
    Insert into `Emots` value ('rage', 'depressed', 'terrible');
    Insert into `Emots` value ('rage', 'depressed', 'lousy');
    Insert into `Emots` value ('rage', 'depressed', 'desperate');
    Insert into `Emots` value ('rage', 'depressed', 'alienated');
    Insert into `Emots` value ('rage', 'depressed', 'bad');
    Insert into `Emots` value ('rage', 'depressed', 'pessimistic');
    Insert into `Emots` value ('rage', 'depressed', 'dejected');
    Insert into `Emots` value ('rage', 'depressed', 'bummed out');
    Insert into `Emots` value ('rage', 'depressed', 'self-critical');
    Insert into `Emots` value ('rage', 'depressed', 'selfdeprecating');
    Insert into `Emots` value ('rage', 'depressed', 'gloomy');
    Insert into `Emots` value ('rage', 'depressed', 'glum');
    Insert into `Emots` value ('rage', 'depressed', 'disheartened');
    Insert into `Emots` value ('rage', 'depressed', 'down');
    Insert into `Emots` value ('rage', 'depressed', 'despondent');
    Insert into `Emots` value ('rage', 'depressed', 'cheerless');
    Insert into `Emots` value ('rage', 'depressed', 'rotten');
    Insert into `Emots` value ('rage', 'depressed', 'masochistic');
    Insert into `Emots` value ('rage', 'depressed', 'stuck');
    Insert into `Emots` value ('rage', 'depressed', 'contracted');
    Insert into `Emots` value ('rage', 'depressed', 'tight');
    Insert into `Emots` value ('rage', 'depressed', 'blocked');
    Insert into `Emots` value ('rage', 'depressed', 'despairing');
    Insert into `Emots` value ('rage', 'depressed', 'hopeless');
    Insert into `Emots` value ('rage', 'depressed', 'grouchy');
    Insert into `Emots` value ('rage', 'depressed', 'off');
    Insert into `Emots` value ('rage', 'depressed', 'moody');
    Insert into `Emots` value ('rage', 'depressed', 'crabby');
    Insert into `Emots` value ('rage', 'depressed', 'faultfinding');
    Insert into `Emots` value ('rage', 'depressed', 'resistant');
    Insert into `Emots` value ('rage', 'depressed', 'punishing');
    Insert into `Emots` value ('rage', 'depressed', 'morose');
    Insert into `Emots` value ('rage', 'depressed', 'cranky');
    Insert into `Emots` value ('rage', 'depressed', 'grumpy');
    Insert into `Emots` value ('rage', 'depressed', 'burdened');
    Insert into `Emots` value ('rage', 'depressed', 'negative');
    Insert into `Emots` value ('rage', 'depressed', 'closed');
    Insert into `Emots` value ('rage', 'depressed', 'out of sorts');
    Insert into `Emots` value ('rage', 'depressed', 'no energy');
    Insert into `Emots` value ('rage', 'depressed', 'in hell');
    Insert into `Emots` value ('rage', 'depressed', 'touchy');
    Insert into `Emots` value ('rage', 'depressed', 'haggard');
    Insert into `Emots` value ('rage', 'depressed', 'drawn');
    Insert into `Emots` value ('rage', 'depressed', 'slumped');
    Insert into `Emots` value ('rage', 'depressed', 'slouching');
    Insert into `Emots` value ('rage', 'depressed', 'achy');

    # 'judgemental'
    Insert into `Emots` value ('rage', 'judgemental', 'stony');
    Insert into `Emots` value ('rage', 'judgemental', 'serious');
    Insert into `Emots` value ('rage', 'judgemental', 'stern');
    Insert into `Emots` value ('rage', 'judgemental', 'frowning');
    Insert into `Emots` value ('rage', 'judgemental', 'recoiling');
    Insert into `Emots` value ('rage', 'judgemental', 'glaring');
    Insert into `Emots` value ('rage', 'judgemental', 'disgusted');
    Insert into `Emots` value ('rage', 'judgemental', 'unfair');
    Insert into `Emots` value ('rage', 'judgemental', 'attacked');
    Insert into `Emots` value ('rage', 'judgemental', 'tactless');
    Insert into `Emots` value ('rage', 'judgemental', 'hurtful');
    Insert into `Emots` value ('rage', 'judgemental', 'bossy');
    Insert into `Emots` value ('rage', 'judgemental', 'stilted');
    Insert into `Emots` value ('rage', 'judgemental', 'stiff');
    Insert into `Emots` value ('rage', 'judgemental', 'brutal');
    Insert into `Emots` value ('rage', 'judgemental', 'combative');
    Insert into `Emots` value ('rage', 'judgemental', 'pushy');
    Insert into `Emots` value ('rage', 'judgemental', 'neglectful');
    Insert into `Emots` value ('rage', 'judgemental', 'stonewalling');
    Insert into `Emots` value ('rage', 'judgemental', 'rude');
    Insert into `Emots` value ('rage', 'judgemental', 'ranting');
    Insert into `Emots` value ('rage', 'judgemental', 'scolding');
    Insert into `Emots` value ('rage', 'judgemental', 'shrill');
    Insert into `Emots` value ('rage', 'judgemental', 'hard');
    Insert into `Emots` value ('rage', 'judgemental', 'fake');
    Insert into `Emots` value ('rage', 'judgemental', 'phony');
    Insert into `Emots` value ('rage', 'judgemental', 'shallow');
    Insert into `Emots` value ('rage', 'judgemental', 'taut');
    Insert into `Emots` value ('rage', 'judgemental', 'territorial');
    Insert into `Emots` value ('rage', 'judgemental', 'complaining');
    Insert into `Emots` value ('rage', 'judgemental', 'obsessive');
    Insert into `Emots` value ('rage', 'judgemental', 'blunt');


# 'grief'
    # 'afraid'
    Insert into `Emots` value ('grief', 'afraid', 'fearful');
    Insert into `Emots` value ('grief', 'afraid', 'terrified');
    Insert into `Emots` value ('grief', 'afraid', 'suspicious');
    Insert into `Emots` value ('grief', 'afraid', 'anxious');
    Insert into `Emots` value ('grief', 'afraid', 'alarmed');
    Insert into `Emots` value ('grief', 'afraid', 'panicked');
    Insert into `Emots` value ('grief', 'afraid', 'nervous');
    Insert into `Emots` value ('grief', 'afraid', 'scared');
    Insert into `Emots` value ('grief', 'afraid', 'worried');
    Insert into `Emots` value ('grief', 'afraid', 'frightened');
    Insert into `Emots` value ('grief', 'afraid', 'timid');
    Insert into `Emots` value ('grief', 'afraid', 'shaky');
    Insert into `Emots` value ('grief', 'afraid', 'restless');
    Insert into `Emots` value ('grief', 'afraid', 'threatened');
    Insert into `Emots` value ('grief', 'afraid', 'cowardly');
    Insert into `Emots` value ('grief', 'afraid', 'insecure');
    Insert into `Emots` value ('grief', 'afraid', 'wary');
    Insert into `Emots` value ('grief', 'afraid', 'menaced');
    Insert into `Emots` value ('grief', 'afraid', 'uptight');
    Insert into `Emots` value ('grief', 'afraid', 'apprehensive');
    Insert into `Emots` value ('grief', 'afraid', 'attacking');
    Insert into `Emots` value ('grief', 'afraid', 'defensive');
    Insert into `Emots` value ('grief', 'afraid', 'dreadful');
    Insert into `Emots` value ('grief', 'afraid', 'guarded');
    Insert into `Emots` value ('grief', 'afraid', 'troubled');
    Insert into `Emots` value ('grief', 'afraid', 'selfabsorbed');
    Insert into `Emots` value ('grief', 'afraid', 'rigid');
    Insert into `Emots` value ('grief', 'afraid', 'phobic');
    Insert into `Emots` value ('grief', 'afraid', 'intolerant');
    Insert into `Emots` value ('grief', 'afraid', 'disturbed');
    Insert into `Emots` value ('grief', 'afraid', 'disrupted');
    Insert into `Emots` value ('grief', 'afraid', 'intimidated');
    Insert into `Emots` value ('grief', 'afraid', 'avoiding');
    Insert into `Emots` value ('grief', 'afraid', 'unwelcoming');
    Insert into `Emots` value ('grief', 'afraid', 'petrified');
    Insert into `Emots` value ('grief', 'afraid', 'unbending');
    Insert into `Emots` value ('grief', 'afraid', 'paranoid');
    Insert into `Emots` value ('grief', 'afraid', 'inhibited');
    Insert into `Emots` value ('grief', 'afraid', 'immobile');
    Insert into `Emots` value ('grief', 'afraid', 'attached');
    Insert into `Emots` value ('grief', 'afraid', 'prejudiced');
    Insert into `Emots` value ('grief', 'afraid', 'agoraphobic');
    Insert into `Emots` value ('grief', 'afraid', 'selfconscious');

    # 'helpless'

    Insert into `Emots` value ('grief', 'helpless', 'incapable');
    Insert into `Emots` value ('grief', 'helpless', 'alone');
    Insert into `Emots` value ('grief', 'helpless', 'paralyzed');
    Insert into `Emots` value ('grief', 'helpless', 'fatigued');
    Insert into `Emots` value ('grief', 'helpless', 'useless');
    Insert into `Emots` value ('grief', 'helpless', 'inferior');
    Insert into `Emots` value ('grief', 'helpless', 'vulnerable');
    Insert into `Emots` value ('grief', 'helpless', 'empty');
    Insert into `Emots` value ('grief', 'helpless', 'distressed');
    Insert into `Emots` value ('grief', 'helpless', 'pathetic');
    Insert into `Emots` value ('grief', 'helpless', 'distraught');
    Insert into `Emots` value ('grief', 'helpless', 'doomed');
    Insert into `Emots` value ('grief', 'helpless', 'overwhelmed');
    Insert into `Emots` value ('grief', 'helpless', 'incompetent');
    Insert into `Emots` value ('grief', 'helpless', 'inept');
    Insert into `Emots` value ('grief', 'helpless', 'incapacitated');
    Insert into `Emots` value ('grief', 'helpless', 'shut down');
    Insert into `Emots` value ('grief', 'helpless', 'cut off');
    Insert into `Emots` value ('grief', 'helpless', 'trapped');
    Insert into `Emots` value ('grief', 'helpless', 'weak');
    Insert into `Emots` value ('grief', 'helpless', 'sick');
    Insert into `Emots` value ('grief', 'helpless', 'nauseated');
    Insert into `Emots` value ('grief', 'helpless', 'fidgety');
    Insert into `Emots` value ('grief', 'helpless', 'trembling');
    Insert into `Emots` value ('grief', 'helpless', 'craving');
    Insert into `Emots` value ('grief', 'helpless', 'hungry');
    Insert into `Emots` value ('grief', 'helpless', 'squirming');
    Insert into `Emots` value ('grief', 'helpless', 'jittery');
    Insert into `Emots` value ('grief', 'helpless', 'woozy');
    Insert into `Emots` value ('grief', 'helpless', 'twitching');
    Insert into `Emots` value ('grief', 'helpless', 'compulsive');

    # 'hurt'
    Insert into `Emots` value ('grief', 'hurt', 'crushed');
    Insert into `Emots` value ('grief', 'hurt', 'tormented');
    Insert into `Emots` value ('grief', 'hurt', 'deprived');
    Insert into `Emots` value ('grief', 'hurt', 'pained');
    Insert into `Emots` value ('grief', 'hurt', 'tortured');
    Insert into `Emots` value ('grief', 'hurt', 'rejected');
    Insert into `Emots` value ('grief', 'hurt', 'injured');
    Insert into `Emots` value ('grief', 'hurt', 'offended');
    Insert into `Emots` value ('grief', 'hurt', 'afflicted');
    Insert into `Emots` value ('grief', 'hurt', 'aching');
    Insert into `Emots` value ('grief', 'hurt', 'victimized');
    Insert into `Emots` value ('grief', 'hurt', 'heartbroken');
    Insert into `Emots` value ('grief', 'hurt', 'agonized');
    Insert into `Emots` value ('grief', 'hurt', 'appalled');
    Insert into `Emots` value ('grief', 'hurt', 'wronged');
    Insert into `Emots` value ('grief', 'hurt', 'humiliated');
    Insert into `Emots` value ('grief', 'hurt', 'insulted');
    Insert into `Emots` value ('grief', 'hurt', 'withdrawn');
    Insert into `Emots` value ('grief', 'hurt', 'miffed');
    Insert into `Emots` value ('grief', 'hurt', 'indignant');
    Insert into `Emots` value ('grief', 'hurt', 'suffering');
    Insert into `Emots` value ('grief', 'hurt', 'distant');
    Insert into `Emots` value ('grief', 'hurt', 'invaded');
    Insert into `Emots` value ('grief', 'hurt', 'bulldozed');
    Insert into `Emots` value ('grief', 'hurt', 'bullied');
    Insert into `Emots` value ('grief', 'hurt', 'secretive');
    Insert into `Emots` value ('grief', 'hurt', 'slighted');
    Insert into `Emots` value ('grief', 'hurt', 'smothered');
    Insert into `Emots` value ('grief', 'hurt', 'belittled');

    # 'indifferent'
    Insert into `Emots` value ('grief', 'indifferent', 'insensitive');
    Insert into `Emots` value ('grief', 'indifferent', 'dull');
    Insert into `Emots` value ('grief', 'indifferent', 'reserved');
    Insert into `Emots` value ('grief', 'indifferent', 'weary');
    Insert into `Emots` value ('grief', 'indifferent', 'bored');
    Insert into `Emots` value ('grief', 'indifferent', 'preoccupied');
    Insert into `Emots` value ('grief', 'indifferent', 'cold');
    Insert into `Emots` value ('grief', 'indifferent', 'lifeless');
    Insert into `Emots` value ('grief', 'indifferent', 'uncaring');
    Insert into `Emots` value ('grief', 'indifferent', 'uninterested');
    Insert into `Emots` value ('grief', 'indifferent', 'unresponsive');
    Insert into `Emots` value ('grief', 'indifferent', 'tired');
    Insert into `Emots` value ('grief', 'indifferent', 'robotic');
    Insert into `Emots` value ('grief', 'indifferent', 'slow');
    Insert into `Emots` value ('grief', 'indifferent', 'sluggish');

    # 'sad'
    Insert into `Emots` value ('grief', 'sad', 'tearful');
    Insert into `Emots` value ('grief', 'sad', 'sorrowful');
    Insert into `Emots` value ('grief', 'sad', 'anguished');
    Insert into `Emots` value ('grief', 'sad', 'desolate');
    Insert into `Emots` value ('grief', 'sad', 'unhappy');
    Insert into `Emots` value ('grief', 'sad', 'lonely');
    Insert into `Emots` value ('grief', 'sad', 'grieved');
    Insert into `Emots` value ('grief', 'sad', 'mournful');
    Insert into `Emots` value ('grief', 'sad', 'dismayed');
    Insert into `Emots` value ('grief', 'sad', 'downhearted');
    Insert into `Emots` value ('grief', 'sad', 'oversensitive');
    Insert into `Emots` value ('grief', 'sad', 'dirty');
    Insert into `Emots` value ('grief', 'sad', 'remorseful');
    Insert into `Emots` value ('grief', 'sad', 'sullen');
    Insert into `Emots` value ('grief', 'sad', 'sour');
    Insert into `Emots` value ('grief', 'sad', 'selfcastigating');
    Insert into `Emots` value ('grief', 'sad', 'unworthy');
    Insert into `Emots` value ('grief', 'sad', 'fragile');
    Insert into `Emots` value ('grief', 'sad', 'disconnected');
    Insert into `Emots` value ('grief', 'sad', 'devastated');
    Insert into `Emots` value ('grief', 'sad', 'blindsided');
    Insert into `Emots` value ('grief', 'sad', 'discontented');
    Insert into `Emots` value ('grief', 'sad', 'crying');
    Insert into `Emots` value ('grief', 'sad', 'groaning');
    Insert into `Emots` value ('grief', 'sad', 'moaning');


# 'feelings'
    # 'peaceful'
    Insert into `Emots` value ('feelings', 'peaceful', 'calm');
    Insert into `Emots` value ('feelings', 'peaceful', 'good');
    Insert into `Emots` value ('feelings', 'peaceful', 'at ease');
    Insert into `Emots` value ('feelings', 'peaceful', 'comfortable');
    Insert into `Emots` value ('feelings', 'peaceful', 'pleased');
    Insert into `Emots` value ('feelings', 'peaceful', 'encouraged');
    Insert into `Emots` value ('feelings', 'peaceful', 'surprised');
    Insert into `Emots` value ('feelings', 'peaceful', 'content');
    Insert into `Emots` value ('feelings', 'peaceful', 'quiet');
    Insert into `Emots` value ('feelings', 'peaceful', 'certain');
    Insert into `Emots` value ('feelings', 'peaceful', 'relaxed');
    Insert into `Emots` value ('feelings', 'peaceful', 'serene');
    Insert into `Emots` value ('feelings', 'peaceful', 'bright');
    Insert into `Emots` value ('feelings', 'peaceful', 'blessed');
    Insert into `Emots` value ('feelings', 'peaceful', 'assured');
    Insert into `Emots` value ('feelings', 'peaceful', 'clear');
    Insert into `Emots` value ('feelings', 'peaceful', 'balanced');
    Insert into `Emots` value ('feelings', 'peaceful', 'fine');
    Insert into `Emots` value ('feelings', 'peaceful', 'okay');
    Insert into `Emots` value ('feelings', 'peaceful', 'grateful');
    Insert into `Emots` value ('feelings', 'peaceful', 'carefree');
    Insert into `Emots` value ('feelings', 'peaceful', 'adequate');
    Insert into `Emots` value ('feelings', 'peaceful', 'fulfilled');
    Insert into `Emots` value ('feelings', 'peaceful', 'genuine');
    Insert into `Emots` value ('feelings', 'peaceful', 'authentic');
    Insert into `Emots` value ('feelings', 'peaceful', 'forgiving');
    Insert into `Emots` value ('feelings', 'peaceful', 'sincere');
    Insert into `Emots` value ('feelings', 'peaceful', 'uplifted');
    Insert into `Emots` value ('feelings', 'peaceful', 'unburdened');
    Insert into `Emots` value ('feelings', 'peaceful', 'confident');
    Insert into `Emots` value ('feelings', 'peaceful', 'self-sufficient');

    # 'relaxed'
    Insert into `Emots` value ('feelings', 'relaxed', 'glowing');
    Insert into `Emots` value ('feelings', 'relaxed', 'radiant');
    Insert into `Emots` value ('feelings', 'relaxed', 'beaming');
    Insert into `Emots` value ('feelings', 'relaxed', 'reflective');
    Insert into `Emots` value ('feelings', 'relaxed', 'smiling');
    Insert into `Emots` value ('feelings', 'relaxed', 'grounded');
    Insert into `Emots` value ('feelings', 'relaxed', 'unhurried');
    Insert into `Emots` value ('feelings', 'relaxed', 'open-minded');
    Insert into `Emots` value ('feelings', 'relaxed', 'efficient');
    Insert into `Emots` value ('feelings', 'relaxed', 'non-controlling');
    Insert into `Emots` value ('feelings', 'relaxed', 'unassuming');
    Insert into `Emots` value ('feelings', 'relaxed', 'trusting');
    Insert into `Emots` value ('feelings', 'relaxed', 'supported');
    Insert into `Emots` value ('feelings', 'relaxed', 'fluid');
    Insert into `Emots` value ('feelings', 'relaxed', 'light');
    Insert into `Emots` value ('feelings', 'relaxed', 'spontaneous');
    Insert into `Emots` value ('feelings', 'relaxed', 'aware');
    Insert into `Emots` value ('feelings', 'relaxed', 'healthy');
    Insert into `Emots` value ('feelings', 'relaxed', 'meditative');
    Insert into `Emots` value ('feelings', 'relaxed', 'still');
    Insert into `Emots` value ('feelings', 'relaxed', 'rested');
    Insert into `Emots` value ('feelings', 'relaxed', 'waiting');
    Insert into `Emots` value ('feelings', 'relaxed', 'laughing');
    Insert into `Emots` value ('feelings', 'relaxed', 'graceful');
    Insert into `Emots` value ('feelings', 'relaxed', 'natural');
    Insert into `Emots` value ('feelings', 'relaxed', 'steady');
    Insert into `Emots` value ('feelings', 'relaxed', 'centered');
    Insert into `Emots` value ('feelings', 'relaxed', 'placid');

    # 'strong'
    Insert into `Emots` value ('feelings', 'strong', 'reliable');
    Insert into `Emots` value ('feelings', 'strong', 'sure');
    Insert into `Emots` value ('feelings', 'strong', 'unique');
    Insert into `Emots` value ('feelings', 'strong', 'dynamic');
    Insert into `Emots` value ('feelings', 'strong', 'tenacious');
    Insert into `Emots` value ('feelings', 'strong', 'hardy');
    Insert into `Emots` value ('feelings', 'strong', 'secure');
    Insert into `Emots` value ('feelings', 'strong', 'stable');
    Insert into `Emots` value ('feelings', 'strong', 'honest');
    Insert into `Emots` value ('feelings', 'strong', 'composed');
    Insert into `Emots` value ('feelings', 'strong', 'self-affirming');
    Insert into `Emots` value ('feelings', 'strong', 'truthful');
    Insert into `Emots` value ('feelings', 'strong', 'supportive');
    Insert into `Emots` value ('feelings', 'strong', 'excellent');
    Insert into `Emots` value ('feelings', 'strong', 'perseverant');
    Insert into `Emots` value ('feelings', 'strong', 'responsible');
    Insert into `Emots` value ('feelings', 'strong', 'energized');
    Insert into `Emots` value ('feelings', 'strong', 'sane');
    Insert into `Emots` value ('feelings', 'strong', 'complete');
    Insert into `Emots` value ('feelings', 'strong', 'mature');
    Insert into `Emots` value ('feelings', 'strong', 'solid');
